<?xml version="1.0" encoding="UTF-8"?>
<!DOCTYPE mapper
  PUBLIC "-//mybatis.org//DTD Mapper 3.0//EN"
  "http://mybatis.org/dtd/mybatis-3-mapper.dtd">
<mapper namespace="com.ssafy.mapper.BoardMapper">

	<select id="getBoardNo">
		select max(no)+1 as no from board
	</select>

	<insert id="insertBoard" parameterType="board">
		insert into board(no, id,
		title, contents) values(#{no},#{id},#{title},#{contents})
	</insert>

	<update id="updateBoard" parameterType="board">
		update board set
		title=#{title},
		contents=#{contents} where no=#{no}
	</update>

	<delete id="deleteBoard">
		delete from board where no=#{no}
	</delete>

	<select id="searchBoard" parameterType="string"
		resultType="board">
		select no, id, title, contents, date_format(regdate,
		'%y-%m-%d') as regdate from board where no = #{no}
	</select>

	<select id="searchAll" resultType="board">
		select no, id, title, contents, date_format(regdate,
		'%y-%m-%d') as regdate from board order by no desc
	</select>

	<select id="count" resultType="int">
		select count(*) from board;
	</select>
	
	<select id="searchPaging" resultType="board">
	    select no, id, title, contents, date_format(regdate, '%y-%m-%d') as regdate
	    from board
	    order by no
	    limit #{startIndex}, #{interval}
	</select>
</mapper>
