<?xml version="1.0" encoding="UTF-8"?>
<!DOCTYPE mapper
  PUBLIC "-//mybatis.org//DTD Mapper 3.0//EN"
  "http://mybatis.org/dtd/mybatis-3-mapper.dtd">
<mapper namespace="com.ssafy.mapper.QnAMapper">

	<select id="getQnABoardNo">
		select max(no)+1 as no from qna
	</select>

	<insert id="insertQnABoard" parameterType="board">
		insert into qna(no, id,
		title, contents) values(#{no},#{id},#{title},#{contents})
	</insert>

	<update id="updateQnABoard" parameterType="board">
		update qna set
		title=#{title},
		contents=#{contents} where no=#{no}
	</update>

	<delete id="deleteQnABoard">
		delete from qna where no=#{no}
	</delete>

	<select id="searchQnABoard" parameterType="string"
		resultType="board">
		select no, id, title, contents, date_format(regdate,
		'%y-%m-%d') as regdate from qna where no = #{no}
	</select>

	<select id="searchQnAall" resultType="board">
		select no, id, title, contents, date_format(regdate,
		'%y-%m-%d') as regdate from qna order by no desc
	</select>

	<select id="count" resultType="int">
		select count(*) from qna;
	</select>
</mapper>
